id,name,ascii_name,lat,lon,country,population
0,Tokyo,Tokyo,35.685000,139.751400,JP,35676000
1,New York,New York,40.694300,-73.924900,US,19354922
2,Mexico City,Mexico City,19.442400,-99.131000,MX,19028000
3,Mumbai,Mumbai,19.017000,72.857000,IN,18978000
4,São Paulo,Sao Paulo,-23.558700,-46.625000,BR,18845000
5,Delhi,Delhi,28.670000,77.230000,IN,15926000
6,Shanghai,Shanghai,31.216500,121.436500,CN,14987000
7,Kolkata,Kolkata,22.495000,88.324700,IN,14787000
8,Los Angeles,Los Angeles,34.113900,-118.406800,US,12815475
9,Dhaka,Dhaka,23.723100,90.408600,BD,12797394
10,Buenos Aires,Buenos Aires,-34.602500,-58.397500,AR,12795000
11,Karachi,Karachi,24.870000,66.990000,PK,12130000
12,Cairo,Cairo,30.050000,31.250000,EG,11893000
13,Rio de Janeiro,Rio de Janeiro,-22.925000,-43.225000,BR,11748000
14,Ōsaka,Osaka,34.750000,135.460100,JP,11294000
15,Beijing,Beijing,39.928900,116.388300,CN,11106000
16,Manila,Manila,14.604200,120.982200,PH,11100000
17,Moscow,Moscow,55.752200,37.615500,RU,10452000
18,Istanbul,Istanbul,41.105000,29.010000,TR,10061000
19,Paris,Paris,48.866700,2.333300,FR,9904000
20,Seoul,Seoul,37.566300,126.999700,KR,9796000
21,Lagos,Lagos,6.443300,3.391500,NG,9466000
22,Jakarta,Jakarta,-6.174400,106.829400,ID,9125000
23,Guangzhou,Guangzhou,23.145000,113.325000,CN,8829000
24,Chicago,Chicago,41.837300,-87.686200,US,8675982
25,London,London,51.500000,-0.116700,GB,8567000
26,Lima,Lima,-12.048000,-77.050100,PE,8012000
27,Tehran,Tehran,35.671900,51.424300,IR,7873000
28,Kinshasa,Kinshasa,-4.329700,15.315000,CD,7843000
29,Bogotá,Bogota,4.596400,-74.083300,CO,7772000
30,Shenzhen,Shenzhen,22.552400,114.122100,CN,7581000
31,Wuhan,Wuhan,30.580000,114.270000,CN,7243000
32,Hong Kong,Hong Kong,22.305000,114.185000,HK,7206000
33,Tianjin,Tianjin,39.130000,117.200000,CN,7180000
34,Chennai,Chennai,13.090000,80.280000,IN,7163000
35,Taipei,Taipei,25.035800,121.568300,TW,6900273
36,Bengalūru,Bengaluru,12.970000,77.560000,IN,6787000
37,Bangkok,Bangkok,13.750000,100.516600,TH,6704000
38,Lahore,Lahore,31.560000,74.350000,PK,6577000
39,Chongqing,Chongqing,29.565000,106.595000,CN,6461000
40,Miami,Miami,25.783900,-80.210200,US,6381966
41,Hyderabad,Hyderabad,17.400000,78.480000,IN,6376000
42,Dallas,Dallas,32.793600,-96.766200,US,5733259
43,Santiago,Santiago,-33.450000,-70.667000,CL,5720000
44,Philadelphia,Philadelphia,40.007700,-75.133900,US,5637884
45,Belo Horizonte,Belo Horizonte,-19.915000,-43.915000,BR,5575000
46,Madrid,Madrid,40.400000,-3.683400,ES,5567000
47,Houston,Houston,29.786900,-95.390500,US,5446468
48,Ahmadābād,Ahmadabad,23.030100,72.580000,IN,5375000
49,Ho Chi Minh City,Ho Chi Minh City,10.780000,106.695000,VN,5314000
50,Washington,Washington,38.904700,-77.016300,US,5289420
51,Atlanta,Atlanta,33.762700,-84.422500,US,5228750
52,Toronto,Toronto,43.700000,-79.420000,CA,5213000
53,Singapore,Singapore,1.293000,103.855800,SG,5183700
54,Luanda,Luanda,-8.838300,13.234400,AO,5172900
55,Baghdad,Baghdad,33.338600,44.393900,IQ,5054000
56,Barcelona,Barcelona,41.383300,2.183400,ES,4920000
57,Hāora,Haora,22.580400,88.329900,IN,4841638
58,Shenyang,Shenyang,41.805000,123.450000,CN,4787000
59,Khartoum,Khartoum,15.588100,32.534200,SD,4754000
60,Pune,Pune,18.530000,73.850000,IN,4672000
61,Boston,Boston,42.318800,-71.084600,US,4637537
62,Sydney,Sydney,-33.920000,151.185200,AU,4630000
63,Saint Petersburg,Saint Petersburg,59.939000,30.316000,RU,4553000
64,Chittagong,Chittagong,22.330000,91.800000,BD,4529000
65,Dongguan,Dongguan,23.048900,113.744700,CN,4528000
66,Riyadh,Riyadh,24.640800,46.772700,SA,4465000
67,Hanoi,Hanoi,21.033300,105.850000,VN,4378000
68,Guadalajara,Guadalajara,20.670000,-103.330000,MX,4198000
69,Melbourne,Melbourne,-37.820000,144.975000,AU,4170000
70,Alexandria,Alexandria,31.200000,29.950000,EG,4165000
71,Chengdu,Chengdu,30.670000,104.070000,CN,4123000
72,Rangoon,Rangoon,16.783400,96.166700,MM,4088000
73,Phoenix,Phoenix,33.572200,-112.089100,US,4081849
74,Xi’an,Xi'an,34.275000,108.895000,CN,4009000
75,Porto Alegre,Porto Alegre,-30.050000,-51.200000,BR,3917000
76,Sūrat,Surat,21.200000,72.840000,IN,3842000
77,Hechi,Hechi,23.096500,109.609100,CN,3830000
78,Abidjan,Abidjan,5.320000,-4.040000,CI,3802000
79,Brasília,Brasilia,-15.783300,-47.916100,BR,3716996
80,Ankara,Ankara,39.927200,32.864400,TR,3716000
81,Monterrey,Monterrey,25.670000,-100.330000,MX,3712000
82,Yokohama,Yokohama,35.320000,139.580000,JP,3697894
83,Nanjing,Nanjing,32.050000,118.780000,CN,3679000
84,Montréal,Montreal,45.500000,-73.583300,CA,3678000
85,Guiyang,Guiyang,26.580000,106.720000,CN,3662000
86,Recife,Recife,-8.075600,-34.915600,BR,3651000
87,Seattle,Seattle,47.621100,-122.324400,US,3643765
88,Harbin,Harbin,45.750000,126.650000,CN,3621000
89,San Francisco,San Francisco,37.756200,-122.443000,US,3603761
90,Fortaleza,Fortaleza,-3.750000,-38.580000,BR,3602319
91,Zhangzhou,Zhangzhou,24.520400,117.670000,CN,3531147
92,Detroit,Detroit,42.383400,-83.102400,US,3522206
93,Salvador,Salvador,-12.970000,-38.480000,BR,3484000
94,Busan,Busan,35.095100,129.010000,KR,3480000
95,Johannesburg,Johannesburg,-26.170000,28.030000,ZA,3435000
96,Berlin,Berlin,52.521800,13.401500,DE,3406000
97,Algiers,Algiers,36.763100,3.050600,DZ,3354000
98,Rome,Rome,41.896000,12.483300,IT,3339000
99,Pyongyang,Pyongyang,39.019400,125.754700,KP,3300000
100,Medellín,Medellin,6.275000,-75.575000,CO,3297000
101,Kabul,Kabul,34.516700,69.183300,AF,3277000
102,Athens,Athens,37.983300,23.733300,GR,3242000
103,Nagoya,Nagoya,35.155000,136.915000,JP,3230000
104,Cape Town,Cape Town,-33.920000,18.435000,ZA,3215000
105,San Diego,San Diego,32.831200,-117.122500,US,3210314
106,Changchun,Changchun,43.865000,125.340000,CN,3183000
107,Casablanca,Casablanca,33.600000,-7.616400,MA,3181000
108,Dalian,Dalian,38.922800,121.629800,CN,3167000
109,Cawnpore,Cawnpore,26.460000,80.320000,IN,3162000
110,Kano,Kano,12.000000,8.520000,NG,3140000
111,Tel Aviv-Yafo,Tel Aviv-Yafo,32.080000,34.770000,IL,3112000
112,Addis Ababa,Addis Ababa,9.033300,38.700000,ET,3100000
113,Curitiba,Curitiba,-25.420000,-49.320000,BR,3084000
114,Zibo,Zibo,36.800000,118.050000,CN,3061000
115,Jeddah,Jeddah,21.516900,39.219200,SA,3012000
116,Nairobi,Nairobi,-1.283300,36.816700,KE,3010000
117,Hangzhou,Hangzhou,30.250000,120.170000,CN,3007000
118,Benoni,Benoni,-26.149600,28.329900,ZA,2986000
119,Caracas,Caracas,10.501000,-66.917000,VE,2985000
120,Milan,Milan,45.470000,9.205000,IT,2945000
121,Stuttgart,Stuttgart,48.780000,9.200000,DE,2944700
122,Kunming,Kunming,25.070000,102.680000,CN,2931000
123,Dar es Salaam,Dar es Salaam,-6.800000,39.268300,TZ,2930000
124,Minneapolis,Minneapolis,44.963500,-93.267800,US,2926757
125,Jaipur,Jaipur,26.921100,75.810000,IN,2917000
126,Taiyuan,Taiyuan,37.875000,112.545100,CN,2913000
127,Frankfurt,Frankfurt,50.100000,8.675000,DE,2895000
128,Qingdao,Qingdao,36.090000,120.330000,CN,2866000
129,Surabaya,Surabaya,-7.249200,112.750800,ID,2845000
130,Lisbon,Lisbon,38.722700,-9.144900,PT,2812000
131,Tampa,Tampa,27.994200,-82.445100,US,2804240
132,Jinan,Jinan,36.675000,116.995000,CN,2798000
133,Fukuoka,Fukuoka,33.595000,130.410000,JP,2792000
134,Campinas,Campinas,-22.900000,-47.100000,BR,2791000
135,Denver,Denver,39.762100,-104.875900,US,2787266
136,Kaohsiung,Kaohsiung,22.633300,120.266600,TW,2769072
137,Quezon City,Quezon City,14.650400,121.030000,PH,2761720
138,Katowice,Katowice,50.260400,19.020000,PL,2746000
139,Aleppo,Aleppo,36.230000,37.170000,SY,2738000
140,Durban,Durban,-29.865000,30.980000,ZA,2729000
141,Kyiv,Kyiv,50.433400,30.516600,UA,2709000
142,Lucknow,Lucknow,26.855000,80.915000,IN,2695000
143,Giza,Giza,30.010000,31.190000,EG,2681863
144,Zhengzhou,Zhengzhou,34.755000,113.665100,CN,2636000
145,Taichung,Taichung,24.152100,120.681700,TW,2629323
146,Brooklyn,Brooklyn,40.650100,-73.949600,US,2629150
147,Ibadan,Ibadan,7.380000,3.930000,NG,2628000
148,Faisalabad,Faisalabad,31.410000,73.110000,PK,2617000
149,Fuzhou,Fuzhou,26.080000,119.300000,CN,2606000
150,Changsha,Changsha,28.200000,112.970000,CN,2604000
151,Dakar,Dakar,14.715800,-17.473100,SN,2604000
152,İzmir,Izmir,38.436100,27.151800,TR,2587000
153,Xiangtan,Xiangtan,27.850400,112.900000,CN,2586948
154,Lanzhou,Lanzhou,36.056000,103.792000,CN,2561000
155,Incheon,Incheon,37.476100,126.642200,KR,2550000
156,Sapporo,Sapporo,43.075000,141.340000,JP,2544000
157,Xiamen,Xiamen,24.450000,118.080000,CN,2519000
158,Guayaquil,Guayaquil,-2.220000,-79.920000,EC,2514000
159,George Town,George Town,5.413600,100.329400,MY,2500000
160,Mashhad,Mashhad,36.270000,59.570000,IR,2469000
161,Damascus,Damascus,33.500000,36.300000,SY,2466000
162,Daegu,Daegu,35.866800,128.607000,KR,2460000
163,Nāgpur,Nagpur,21.170000,79.090000,IN,2454000
164,Lianshan,Lianshan,40.750300,120.830000,CN,2426000
165,Shijiazhuang,Shijiazhuang,38.050000,114.480000,CN,2417000
166,Tunis,Tunis,36.802800,10.179700,TN,2412500
167,Vienna,Vienna,48.200000,16.366600,AT,2400000
168,Jilin,Jilin,43.850000,126.550000,CN,2396000
169,Omdurman,Omdurman,15.616700,32.480000,SD,2395159
170,Bandung,Bandung,-6.950000,107.570000,ID,2394000
171,Bekasi,Bekasi,-6.217300,106.972300,ID,2378211
172,Mannheim,Mannheim,49.500400,8.470000,DE,2362000
173,Nanchang,Nanchang,28.680000,115.880000,CN,2350000
174,Wenzhou,Wenzhou,28.020000,120.650100,CN,2350000
175,Queens,Queens,40.749800,-73.797600,US,2333054
176,Vancouver,Vancouver,49.273400,-123.121600,CA,2313328
177,Birmingham,Birmingham,52.475000,-1.920000,GB,2285000
178,Cali,Cali,3.400000,-76.500000,CO,2254000
179,Naples,Naples,40.840000,14.245000,IT,2250000
180,Sendai,Sendai,38.287100,141.021700,JP,2250000
181,Manchester,Manchester,53.500400,-2.248000,GB,2230000
182,Puebla,Puebla,19.050000,-98.200000,MX,2195000
183,Tripoli,Tripoli,32.892500,13.180000,LY,2189000
184,Tashkent,Tashkent,41.311700,69.294900,UZ,2184000
185,Havana,Havana,23.132000,-82.364200,CU,2174000
186,Gaoping,Gaoping,30.780400,106.130000,CN,2174000
187,Baltimore,Baltimore,39.305100,-76.614400,US,2170504
188,Nanning,Nanning,22.820000,108.320000,CN,2167000
189,Belém,Belem,-1.450000,-48.480000,BR,2167000
190,Patna,Patna,25.625000,85.130000,IN,2158000
191,Santo Domingo,Santo Domingo,18.470100,-69.900100,DO,2154000
192,Ürümqi,Urumqi,43.805000,87.575000,CN,2151000
193,Zaozhuang,Zaozhuang,34.880000,117.570000,CN,2145000
194,Baku,Baku,40.395300,49.862200,AZ,2122300
195,Accra,Accra,5.550000,-0.216700,GH,2121000
196,Yantai,Yantai,37.530400,121.400000,CN,2116000
197,Medan,Medan,3.580000,98.650000,ID,2115000
198,Santa Cruz,Santa Cruz,-17.753900,-63.226000,BO,2102998
199,Tongshan,Tongshan,34.280000,117.180000,CN,2091000
200,Riverside,Riverside,33.938100,-117.394800,US,2084749
201,Linyi,Linyi,35.080000,118.330000,CN,2082000
202,St. Louis,St. Louis,38.635800,-90.245100,US,2078283
203,Las Vegas,Las Vegas,36.233300,-115.265400,US,2073045
204,Maracaibo,Maracaibo,10.730000,-71.660000,VE,2072000
205,Kuwait City,Kuwait City,29.369700,47.978300,KW,2063000
206,Ad Dammām,Ad Dammam,26.428200,50.099700,SA,2054710
207,Portland,Portland,45.537100,-122.650000,US,2052796
208,Haikou,Haikou,20.050000,110.320000,CN,2046189
209,Hiroshima,Hiroshima,34.387800,132.442900,JP,2045000
210,Baotou,Baotou,40.652200,109.822000,CN,2036000
211,Hefei,Hefei,31.850000,117.280000,CN,2035000
212,Indore,Indore,22.715100,75.865000,IN,2026000
213,Goiânia,Goiania,-16.720000,-49.300000,BR,2022000
214,Sanaa,Sanaa,15.354700,44.206600,YE,2008000
215,San Antonio,San Antonio,29.465800,-98.525400,US,2002530
216,Port-au-Prince,Port-au-Prince,18.541000,-72.336000,HT,1998000
217,Haiphong,Haiphong,20.830000,106.680100,VN,1969000
218,Suzhou,Suzhou,33.636100,116.978900,CN,1964000
219,Nanyang,Nanyang,33.000400,112.530000,CN,1944000
220,Bucharest,Bucharest,44.433400,26.099900,RO,1942000
221,Ningbo,Ningbo,29.880000,121.550000,CN,1923000
222,Douala,Douala,4.060400,9.710000,CM,1906000
223,Tangshan,Tangshan,39.624300,118.194400,CN,1879000
224,Tainan,Tainan,23.000000,120.200000,TW,1876312
225,Xiping,Xiping,40.080000,113.300000,CN,1873000
226,Asunción,Asuncion,-25.296400,-57.641500,PY,1870000
227,Saidu Sharif,Saidu Sharif,34.750000,72.350000,PK,1860310
228,Brisbane,Brisbane,-27.455000,153.035100,AU,1860000
229,Rawalpindi,Rawalpindi,33.600000,73.040000,PK,1858000
230,Sacramento,Sacramento,38.566700,-121.468300,US,1854698
231,Beirut,Beirut,33.872000,35.509700,LB,1846000
232,San Jose,San Jose,37.302100,-121.848900,US,1821899
233,Minsk,Minsk,53.900000,27.566600,BY,1805000
234,Kyōto,Kyoto,35.030000,135.750000,JP,1805000
235,Barranquilla,Barranquilla,10.960000,-74.800000,CO,1798000
236,Orlando,Orlando,28.477200,-81.336900,US,1776841
237,Shuyangzha,Shuyangzha,34.129900,118.773400,CN,1770000
238,Valencia,Valencia,10.230000,-67.980000,VE,1770000
239,Hamburg,Hamburg,53.550000,10.000000,DE,1757000
240,Vadodara,Vadodara,22.310000,73.180000,IN,1756000
241,Manaus,Manaus,-3.100000,-60.000000,BR,1753000
242,Shangqiu,Shangqiu,34.450400,115.650000,CN,1753000
243,Wuxi,Wuxi,31.580000,120.300000,CN,1749000
244,Palembang,Palembang,-2.980000,104.750000,ID,1749000
245,Brussels,Brussels,50.833300,4.333300,BE,1743000
246,Essen,Essen,51.450000,7.016600,DE,1742135
247,Cleveland,Cleveland,41.476700,-81.680500,US,1730363
248,Bhopal,Bhopal,23.250000,77.410000,IN,1727000
249,Hohhot,Hohhot,40.820000,111.660000,CN,1726000
250,Pittsburgh,Pittsburgh,40.439600,-79.976300,US,1715297
251,Luoyang,Luoyang,34.680000,112.470100,CN,1715000
252,Santos,Santos,-23.953700,-46.332900,BR,1709000
253,Jingling,Jingling,30.650100,113.160000,CN,1708000
254,Warsaw,Warsaw,52.250000,21.000000,PL,1707000
255,Rabat,Rabat,34.025300,-6.836100,MA,1705000
256,Vitória,Vitoria,-20.324000,-40.366000,BR,1704000
257,Quito,Quito,-0.215000,-78.500100,EC,1701000
258,Antananarivo,Antananarivo,-18.916600,47.516600,MG,1697000
259,Coimbatore,Coimbatore,11.000000,76.950000,IN,1696000
260,Daqing,Daqing,46.580000,125.000000,CN,1693000
261,Lu’an,Lu'an,31.750300,116.480000,CN,1690000
262,Sanzhou,Sanzhou,30.820000,108.400000,CN,1680000
263,Budapest,Budapest,47.500000,19.083300,HU,1679000
264,Turin,Turin,45.070400,7.670000,IT,1652000
265,Suzhou,Suzhou,31.300500,120.620000,CN,1650000
266,Ludhiāna,Ludhiana,30.927800,75.872300,IN,1649000
267,Cincinnati,Cincinnati,39.141200,-84.506000,US,1648254
268,Kumasi,Kumasi,6.690000,-1.630000,GH,1646000
269,Manhattan,Manhattan,40.783400,-73.966200,US,1643734
270,Qiqihar,Qiqihar,47.345000,123.990000,CN,1641000
271,Anshan,Anshan,41.115000,122.940000,CN,1639000
272,Austin,Austin,30.300600,-97.751700,US,1638716
273,Zhongli,Zhongli,24.965000,121.216800,TW,1632616
274,Handan,Handan,36.580000,114.480000,CN,1631000
275,Tai’an,Tai'an,36.200000,117.120100,CN,1629000
276,Eşfahān,Esfahan,32.700000,51.700000,IR,1628000
277,Kansas City,Kansas City,39.123900,-94.554100,US,1615621
278,Yaoundé,Yaounde,3.866700,11.516700,CM,1611000
279,Shantou,Shantou,23.370000,116.670000,CN,1601000
280,Āgra,Agra,27.170400,78.015000,IN,1592000
281,Zhanjiang,Zhanjiang,21.200000,110.380000,CN,1590000
282,La Paz,La Paz,-16.498000,-68.150000,BO,1590000
283,Kalyān,Kalyan,19.250200,73.160200,IN,1576614
284,Abuja,Abuja,9.083300,7.533300,NG,1576000
285,Harare,Harare,-17.817800,31.044700,ZW,1572000
286,Indianapolis,Indianapolis,39.777100,-86.145800,US,1564699
287,Xiantao,Xiantao,30.370400,113.440000,CN,1556000
288,Khulna,Khulna,22.840000,89.560000,BD,1553000
289,Weifang,Weifang,36.720400,119.100100,CN,1553000
290,Tijuana,Tijuana,32.500000,-117.080000,MX,1553000
291,Santiago,Santiago,19.500000,-70.670000,DO,1550753
292,Xinyang,Xinyang,32.130400,114.070000,CN,1541000
293,Luzhou,Luzhou,28.880000,105.380000,CN,1537000
294,Perth,Perth,-31.955000,115.840000,AU,1532000
295,Toluca,Toluca,19.330400,-99.670000,MX,1531000
296,Vishākhapatnam,Vishakhapatnam,17.730000,83.305000,IN,1529000
297,Leeds,Leeds,53.830000,-1.580000,GB,1529000
298,Kōbe,Kobe,34.680000,135.170000,JP,1528478
299,Columbus,Columbus,39.986000,-82.985100,US,1528314
300,Multan,Multan,30.200000,71.455000,PK,1522000
301,Kochi,Kochi,10.015000,76.223900,IN,1519000
302,Montevideo,Montevideo,-34.858000,-56.171100,UY,1513000
303,Gujranwala,Gujranwala,32.160400,74.185000,PK,1513000
304,Niterói,Niteroi,-22.900000,-43.100000,BR,1500513
305,Ganzhou,Ganzhou,25.920000,114.950000,CN,1500000
306,Florence,Florence,43.780000,11.250000,IT,1500000
307,Liuzhou,Liuzhou,24.280000,109.250000,CN,1497000
308,Bamako,Bamako,12.650000,-8.000000,ML,1494000
309,Conakry,Conakry,9.531500,-13.680200,GN,1494000
310,Bursa,Bursa,40.200000,29.070000,TR,1492000
311,León de los Aldama,Leon de los Aldama,21.150000,-101.700000,MX,1488000
312,Virginia Beach,Virginia Beach,36.733500,-76.043500,US,1480383
313,Nāsik,Nasik,20.000400,73.780000,IN,1473000
314,Fushun,Fushun,41.865400,123.870000,CN,1470000
315,Changde,Changde,29.030000,111.680000,CN,1469000
316,Daejeon,Daejeon,36.335500,127.425000,KR,1468000
317,Charlotte,Charlotte,35.207900,-80.830400,US,1467362
318,Phnom Penh,Phnom Penh,11.550000,104.916600,KH,1466000
319,Neijiang,Neijiang,29.580400,105.050000,CN,1466000
320,Quanzhou,Quanzhou,24.900000,118.580000,CN,1463000
321,Kharkiv,Kharkiv,50.000000,36.250000,UA,1461000
322,Hyderabad City,Hyderabad City,25.380000,68.375000,PK,1459000
323,Bronx,Bronx,40.850100,-73.866200,US,1455720
324,Lomé,Lome,6.131900,1.222800,TG,1452000
325,Córdoba,Cordoba,-31.400000,-64.182300,AR,1452000
326,Huainan,Huainan,32.630000,116.980000,CN,1451000
327,Doha,Doha,25.286600,51.533000,QA,1450000
328,Kuala Lumpur,Kuala Lumpur,3.166700,101.700000,MY,1448000
329,Maputo,Maputo,-25.955300,32.589200,MZ,1446000
330,Kaduna,Kaduna,10.520000,7.440000,NG,1442000
331,Gwangju,Gwangju,35.171000,126.910400,KR,1440000
332,Kawanakajima,Kawanakajima,35.530000,139.705000,JP,1437266
333,San Salvador,San Salvador,13.710000,-89.203000,SV,1433000
334,Suining,Suining,30.533300,105.533300,CN,1425000
335,Lyon,Lyon,45.770000,4.830000,FR,1423000
336,Karaj,Karaj,35.800400,50.970000,IR,1423000
337,Kampala,Kampala,0.316700,32.583300,UG,1420000
338,Tabrīz,Tabriz,38.086300,46.301200,IR,1413000
339,The Hague,The Hague,52.080000,4.270000,NL,1406000
340,Davao,Davao,7.110000,125.630000,PH,1402000
341,Marseille,Marseille,43.290000,5.375000,FR,1400000
342,Meerut,Meerut,29.000400,77.700000,IN,1398000
343,Mianyang,Mianyang,31.470000,104.770000,CN,1396000
344,Semarang,Semarang,-6.966600,110.420000,ID,1396000
345,Farīdābād,Faridabad,28.433300,77.316700,IN,1394000
346,Novosibirsk,Novosibirsk,55.030000,82.960000,RU,1389000
347,Mecca,Mecca,21.430000,39.820000,SA,1385000
348,Dubai,Dubai,25.230000,55.280000,AE,1379000
349,Milwaukee,Milwaukee,43.064200,-87.967300,US,1377808
350,Auckland,Auckland,-36.848100,174.763000,NZ,1377200
351,Ma’anshan,Ma'anshan,31.730400,118.480000,CN,1366302
352,Brazzaville,Brazzaville,-4.259200,15.284700,CG,1355000
353,Yiyang,Yiyang,28.600400,112.330000,CN,1352000
354,Vārānasi,Varanasi,25.330000,83.000000,IN,1352000
355,Lubumbashi,Lubumbashi,-11.680000,27.480000,CD,1352000
356,Juárez,Juarez,31.690400,-106.490000,MX,1343000
357,Ghāziābād,Ghaziabad,28.660400,77.408400,IN,1341000
358,Pretoria,Pretoria,-25.706900,28.229400,ZA,1338000
359,Heze,Heze,35.230000,115.450000,CN,1338000
360,Porto,Porto,41.150000,-8.620000,PT,1337000
361,Āsansol,Asansol,23.683300,86.983300,IN,1328000
362,Lusaka,Lusaka,-15.416600,28.283300,ZM,1328000
363,Changzhou,Changzhou,31.780000,119.970000,CN,1327000
364,Mosul,Mosul,36.345000,43.145000,IQ,1316000
365,Yekaterinburg,Yekaterinburg,56.850000,60.600000,RU,1313000
366,Peshawar,Peshawar,34.005000,71.535000,PK,1303000
367,Mandalay,Mandalay,21.970000,96.085000,MM,1300000
368,Jamshedpur,Jamshedpur,22.787500,86.197500,IN,1300000
369,Mbuji-Mayi,Mbuji-Mayi,-6.150000,23.600000,CD,1295000
370,Madura,Madura,9.920000,78.120000,IN,1294000
371,Adana,Adana,36.995000,35.320000,TR,1293000
372,Sheffield,Sheffield,53.366700,-1.500000,GB,1292900
373,Jabalpur,Jabalpur,23.175100,79.955100,IN,1285000
374,San José,San Jose,9.935000,-84.084100,CR,1284000
375,Panama City,Panama City,8.968000,-79.533000,PA,1281000
376,Nizhniy Novgorod,Nizhniy Novgorod,56.333000,44.000100,RU,1278000
377,Chifeng,Chifeng,42.270000,118.950000,CN,1277000
378,Duisburg,Duisburg,51.430000,6.750000,DE,1276757
379,Munich,Munich,48.129900,11.575000,DE,1275000
380,Huaiyin,Huaiyin,33.580000,119.030000,CN,1264000
381,Stockholm,Stockholm,59.350800,18.097300,SE,1264000
382,Makassar,Makassar,-5.140000,119.432000,ID,1262000
383,Rājkot,Rajkot,22.310000,70.800000,IN,1260000
384,Dhanbād,Dhanbad,23.800400,86.420000,IN,1246000
385,Mudanjiang,Mudanjiang,44.575000,129.590000,CN,1244000
386,Geneva,Geneva,46.210000,6.140000,CH,1240000
387,Shīrāz,Shiraz,29.630000,52.570000,IR,1240000
388,Huzhou,Huzhou,30.870400,120.100000,CN,1231000
389,Beidao,Beidao,34.600000,105.920000,CN,1225000
390,Shuangshui,Shuangshui,26.594400,104.833300,CN,1221000
391,Düsseldorf,Dusseldorf,51.220400,6.780000,DE,1220000
392,Gaozhou,Gaozhou,21.920400,110.870000,CN,1217715
393,Sevilla,Sevilla,37.405000,-5.980000,ES,1212045
394,Amritsar,Amritsar,31.640000,74.870000,IN,1212000
395,Vila Velha,Vila Velha,-20.367600,-40.318000,BR,1209091
396,Vila Velha,Vila Velha,3.216700,-51.216700,BR,1209091
397,Almaty,Almaty,43.325000,76.915000,KZ,1209000
398,Providence,Providence,41.823000,-71.418700,US,1206642
399,Warangal,Warangal,18.010000,79.580000,IN,1203853
400,Rosario,Rosario,-32.951100,-60.666300,AR,1203000
401,Allahābād,Allahabad,25.455000,81.840000,IN,1201000
402,Benin City,Benin City,6.340500,5.620000,NG,1190000
403,Jining,Jining,35.400400,116.550000,CN,1186000
404,Maceió,Maceio,-9.620000,-35.730000,BR,1186000
405,Sofia,Sofia,42.683300,23.316700,BG,1185000
406,Abbottabad,Abbottabad,34.149500,73.199500,PK,1183647
407,Benghazi,Benghazi,32.116700,20.066700,LY,1180000
408,Cilacap,Cilacap,-7.718800,109.015400,ID,1174964
409,Prague,Prague,50.083300,14.466000,CZ,1162000
410,Glasgow,Glasgow,55.874400,-4.250700,GB,1160000
411,Leshan,Leshan,29.567100,103.733300,CN,1157000
412,Jacksonville,Jacksonville,30.332200,-81.674900,US,1156291
413,Ouagadougou,Ouagadougou,12.370300,-1.524700,BF,1149000
414,Ottawa,Ottawa,45.416700,-75.700000,CA,1145000
415,Adelaide,Adelaide,-34.935000,138.600000,AU,1145000
416,Shangrao,Shangrao,28.470400,117.970000,CN,1144577
417,Torreón,Torreon,25.570100,-103.420000,MX,1144000
418,Srīnagar,Srinagar,34.100000,74.815000,IN,1140000
419,Bezwāda,Bezwada,16.520000,80.630000,IN,1137000
420,Samara,Samara,53.195000,50.151300,RU,1137000
421,Omsk,Omsk,54.990000,73.400000,RU,1135000
422,Newcastle,Newcastle,-32.845300,151.815000,AU,1134616
423,Yulin,Yulin,22.630000,110.150000,CN,1127000
424,Namp’o,Namp'o,38.766900,125.452400,KP,1127000
425,Xianyang,Xianyang,34.345600,108.714700,CN,1126000
426,Cagayan de Oro,Cagayan de Oro,8.450800,124.685300,PH,1121561
427,Cần Thơ,Can Tho,10.050000,105.770000,VN,1121000
428,Barquisimeto,Barquisimeto,10.050000,-69.300000,VE,1116000
429,Helsinki,Helsinki,60.175600,24.934100,FI,1115000
430,Kazan’,Kazan',55.749900,49.126300,RU,1115000
431,Aurangābād,Aurangabad,19.895700,75.320300,IN,1113000
432,Calgary,Calgary,51.083000,-114.080000,CA,1110000
433,Ciudad Nezahualcóyotl,Ciudad Nezahualcoyotl,19.410000,-99.030000,MX,1109363
434,Zürich,Zurich,47.380000,8.550000,CH,1108000
435,Baoding,Baoding,38.870400,115.480000,CN,1107000
436,Zigong,Zigong,29.400000,104.780000,CN,1105000
437,Sharjah,Sharjah,25.371400,55.406500,AE,1103027
438,Yerevan,Yerevan,40.181200,44.513600,AM,1102000
439,Mogadishu,Mogadishu,2.066700,45.366700,SO,1100000
440,Tbilisi,Tbilisi,41.725000,44.790800,GE,1100000
441,Ankang,Ankang,32.680000,109.020000,CN,1100000
442,Huambo,Huambo,-12.750000,15.760000,AO,1100000
443,Ikare,Ikare,7.530400,5.760000,NG,1099931
444,Belgrade,Belgrade,44.818600,20.468000,RS,1099000
445,Salt Lake City,Salt Lake City,40.777400,-111.930000,US,1098400
446,Bhilai,Bhilai,21.216700,81.433300,IN,1097000
447,Jinhua,Jinhua,29.120000,119.650000,CN,1092852
448,Chelyabinsk,Chelyabinsk,55.155000,61.438700,RU,1091000
449,Natal,Natal,-5.780000,-35.240000,BR,1088000
450,Dushanbe,Dushanbe,38.560000,68.773900,TJ,1086244
451,Copenhagen,Copenhagen,55.678600,12.563500,DK,1085000
452,Changwon,Changwon,35.219100,128.583600,KR,1081499
453,Zhuzhou,Zhuzhou,27.830000,113.150000,CN,1080000
454,Suwon,Suwon,37.257800,127.010900,KR,1078000
455,Nashville,Nashville,36.171500,-86.784300,US,1076645
456,Vereeniging,Vereeniging,-26.649600,27.960000,ZA,1074000
457,Xiangyang,Xiangyang,32.020000,112.130000,CN,1069000
458,Memphis,Memphis,35.104600,-89.977300,US,1068873
459,Ulsan,Ulsan,35.546700,129.317000,KR,1061000
460,Amman,Amman,31.950000,35.933300,JO,1060000
461,Mizhou,Mizhou,35.990000,119.380100,CN,1060000
462,Richmond,Richmond,37.529500,-77.475600,US,1059907
463,Dublin,Dublin,53.333100,-6.248900,IE,1059000
464,Edmonton,Edmonton,53.550000,-113.500000,CA,1058000
465,Solāpur,Solapur,17.670400,75.900000,IN,1057000
466,Rostov-na-Donu,Rostov-na-Donu,47.234600,39.712700,RU,1052000
467,Dnipro,Dnipro,48.480000,35.000000,UA,1050000
468,Xining,Xining,36.620000,101.770000,CN,1048000
469,Zhangjiakou,Zhangjiakou,40.830000,114.930000,CN,1046000
470,Lille,Lille,50.650000,3.080000,FR,1044000
471,Ranchi,Ranchi,23.370000,85.330000,IN,1044000
472,Gaziantep,Gaziantep,37.075000,37.385000,TR,1044000
473,Monrovia,Monrovia,6.310600,-10.804800,LR,1041000
474,São Luís,Sao Luis,-2.516000,-44.266000,BR,1038000
475,Amsterdam,Amsterdam,52.350000,4.916600,NL,1031000
476,Jerusalem,Jerusalem,31.778400,35.206600,IL,1029300
477,New Orleans,New Orleans,30.068700,-89.928800,US,1029123
478,Guatemala City,Guatemala City,14.621100,-90.527000,GT,1024000
479,Zhuhai,Zhuhai,22.276900,113.567800,CN,1023000
480,Florianópolis,Florianopolis,-27.580000,-48.520000,BR,1023000
481,Port Elizabeth,Port Elizabeth,-33.970000,25.600000,ZA,1021000
482,Jiamusi,Jiamusi,46.830000,130.350000,CN,1020000
483,Port Harcourt,Port Harcourt,4.810000,7.010000,NG,1020000
484,Raleigh,Raleigh,35.832400,-78.643800,US,1018336
485,Ufa,Ufa,54.790000,56.040000,RU,1018000
486,Hengyang,Hengyang,26.880000,112.590000,CN,1016000
487,Benxi,Benxi,41.330400,123.750000,CN,1012000
488,Louisville,Louisville,38.166300,-85.648500,US,1011696
489,Haifa,Haifa,32.820400,34.980000,IL,1011000
490,Medina,Medina,24.500000,39.580000,SA,1010000
491,Bucaramanga,Bucaramanga,7.130100,-73.125900,CO,1009000
492,Maracay,Maracay,10.246900,-67.595800,VE,1007000
493,Rotterdam,Rotterdam,51.920000,4.480000,NL,1005000
494,Homs,Homs,34.730000,36.720000,SY,1005000
495,Cologne,Cologne,50.930000,6.950000,DE,1004000
496,Qinhuangdao,Qinhuangdao,39.930400,119.620000,CN,1003000
497,Fès,Fes,34.054600,-5.000400,MA,1002000
498,N’Djamena,N'Djamena,12.113100,15.049100,TD,989000
499,Tegucigalpa,Tegucigalpa,14.102000,-87.217500,HN,946000
500,Kingston,Kingston,17.977100,-76.767400,JM,937700
501,Nay Pyi Taw,Nay Pyi Taw,19.766600,96.118600,MM,930000
502,Djibouti,Djibouti,11.595000,43.148000,DJ,923000
503,Managua,Managua,12.153000,-86.268500,NI,920000
504,Niamey,Niamey,13.516700,2.116700,NE,915000
505,Tirana,Tirana,41.327500,19.818900,AL,895350
506,Kathmandu,Kathmandu,27.716700,85.316600,NP,895000
507,Ulaanbaatar,Ulaanbaatar,47.916700,106.916600,MN,885000
508,Kigali,Kigali,-1.953600,30.060500,RW,860000
509,Bishkek,Bishkek,42.873100,74.585200,KG,837000
510,Oslo,Oslo,59.916700,10.750000,NO,835000
511,Bangui,Bangui,4.366600,18.558300,CF,831925
512,Freetown,Freetown,8.470000,-13.234200,SL,827000
513,Islamabad,Islamabad,33.700000,73.166600,PK,780000
514,Cotonou,Cotonou,6.400000,2.520000,BJ,762000
515,Vientiane,Vientiane,17.966700,102.600000,LA,754000
516,Riga,Riga,56.950000,24.100000,LV,742572
517,Nouakchott,Nouakchott,18.086400,-15.975300,MR,742144
518,Muscat,Muscat,23.613300,58.593300,OM,734697
519,Ashgabat,Ashgabat,37.950000,58.383300,TM,727700
520,Zagreb,Zagreb,45.800000,16.000000,HR,722526
521,Sarajevo,Sarajevo,43.850000,18.383000,BA,696731
522,Chisinau,Chisinau,47.005000,28.857700,MD,688134
523,Lilongwe,Lilongwe,-13.983300,33.783300,MW,646750
524,Asmara,Asmara,15.333300,38.933300,ER,620802
525,Abu Dhabi,Abu Dhabi,24.466700,54.366600,AE,603492
526,Port Louis,Port Louis,-20.166600,57.500000,MU,595491
527,Libreville,Libreville,0.385400,9.458000,GA,578156
528,Manama,Manama,26.236100,50.583100,BH,563920
529,Vilnius,Vilnius,54.683400,25.316600,LT,542366
530,Skopje,Skopje,42.000000,21.433500,MK,494087
531,Bloemfontein,Bloemfontein,-29.120000,26.229900,ZA,463064
532,Bratislava,Bratislava,48.150000,17.117000,SK,423737
533,Bissau,Bissau,11.865000,-15.598400,GW,403339
534,Tallinn,Tallinn,59.433900,24.728000,EE,394024
535,Wellington,Wellington,-41.300000,174.783300,NZ,393400
536,Valletta,Valletta,35.899700,14.514700,MT,368250
537,Maseru,Maseru,-29.316700,27.483300,LS,361324
538,Nur-Sultan,Nur-Sultan,51.181100,71.427800,KZ,345604
539,Bujumbura,Bujumbura,-3.376100,29.360000,BI,331700
540,Canberra,Canberra,-35.283000,149.129000,AU,327700
541,New Delhi,New Delhi,28.600000,77.200000,IN,317797
542,Ljubljana,Ljubljana,46.055300,14.515000,SI,314807
543,Porto-Novo,Porto-Novo,6.483300,2.616600,BJ,300000
544,Bandar Seri Begawan,Bandar Seri Begawan,4.883300,114.933300,BN,296500
545,Port of Spain,Port of Spain,10.652000,-61.517000,TT,294934
546,Port Moresby,Port Moresby,-9.464700,147.192500,PG,283733
547,Bern,Bern,46.916700,7.467000,CH,275329
549,Georgetown,Georgetown,6.802000,-58.167000,GY,264350
550,Paramaribo,Paramaribo,5.835000,-55.167000,SR,254169
551,Dili,Dili,-8.559400,125.579500,TL,234331
552,Nassau,Nassau,25.083400,-77.350000,BS,227940
553,Sucre,Sucre,-19.041000,-65.259500,BO,224838
554,Nicosia,Nicosia,35.166700,33.366600,CY,224300
555,Dodoma,Dodoma,-6.183300,35.750000,TZ,218269
556,Colombo,Colombo,6.932000,79.857800,LK,217000
557,Gaborone,Gaborone,-24.646300,25.911900,BW,208411
558,Yamoussoukro,Yamoussoukro,6.818400,-5.275500,CI,206499
559,Bridgetown,Bridgetown,13.102000,-59.616500,BB,191152
560,Suva,Suva,-18.133000,178.441700,FJ,175399
561,Reykjavík,Reykjavik,64.150000,-21.950000,IS,166212
562,Malabo,Malabo,3.750000,8.783300,GQ,155963
564,Podgorica,Podgorica,42.466000,19.266300,ME,145850
565,Moroni,Moroni,-11.704200,43.240200,KM,128698
566,Sri Jayewardenepura Kotte,Sri Jayewardenepura Kotte,6.900000,79.950000,LK,115826
567,Praia,Praia,14.916700,-23.516700,CV,113364
568,Male,Male,4.166700,73.499900,MV,112927
569,Juba,Juba,4.830000,31.580000,SS,111975
570,Luxembourg,Luxembourg,49.611700,6.130000,LU,107260
571,Thimphu,Thimphu,27.473000,89.639000,BT,98676
572,Mbabane,Mbabane,-26.316700,31.133300,SZ,90138
573,São Tomé,Sao Tome,0.333400,6.733300,ST,88219
574,Honiara,Honiara,-9.438000,159.949800,SB,76328
575,Oranjestad,Oranjestad,12.530400,-70.029000,AW,68775
576,Apia,Apia,-13.841500,-171.738600,WS,61916
578,Kingstown,Kingstown,13.148300,-61.212100,VC,49485
579,Port-Vila,Port-Vila,-17.733400,168.316600,VU,44040
580,Banjul,Banjul,13.453900,-16.591700,GM,43094
581,Nuku‘alofa,Nuku`alofa,-21.138500,-175.220600,TO,42620
582,Castries,Castries,14.002000,-61.000000,LC,37963
583,Monaco,Monaco,43.739600,7.406900,MC,36371
585,Saint John’s,Saint John's,17.118000,-61.850000,AG,35499
586,Saint George’s,Saint George's,12.052600,-61.741600,GD,33734
587,Victoria,Victoria,-4.616600,55.450000,SC,33576
589,Tarawa,Tarawa,1.338200,173.017600,KI,28802
590,Majuro,Majuro,7.103000,171.380000,MH,25400
591,Roseau,Roseau,15.301000,-61.387000,DM,23336
592,Basseterre,Basseterre,17.302000,-62.717000,KN,21887
593,Belmopan,Belmopan,17.252000,-88.767100,BZ,15220
594,Pago Pago,Pago Pago,-14.274000,-170.704600,AS,12576
595,Lobamba,Lobamba,-26.466700,31.200000,SZ,9782
596,Funafuti,Funafuti,-8.516700,179.216600,TV,4749
597,Palikir,Palikir,6.916600,158.150000,FM,4645
598,Capitol Hill,Capitol Hill,15.213700,145.754600,MP,2500
599,Hagåtña,Hagta,13.474500,144.750400,GU,1051
602,Gitega,Gitega,-3.427100,29.924600,BI,
604,Ngerulmud,Ngerulmud,7.500000,134.624200,PW,
605,Aden,Aden,12.779700,45.009500,YE,1000000
606,Cochabamba,Cochabamba,-17.410000,-66.170000,BO,1000000
607,Yongzhou,Yongzhou,26.230400,111.620000,CN,1000000
608,Baoshan,Baoshan,25.120000,99.150000,CN,1000000
609,Quảng Hà,Quang Ha,16.060000,108.250000,VN,1000000
610,Kitaku,Kitaku,33.870400,130.820000,JP,997536
611,Perm’,Perm',58.000000,56.250000,RU,997000
612,Ahvāz,Ahvaz,31.280000,48.720000,IR,996000
613,Jodhpur,Jodhpur,26.291800,73.016800,IN,995000
614,San Luis Potosí,San Luis Potosi,22.170000,-101.000000,MX,992000
615,Odesa,Odesa,46.490000,30.710000,UA,991000
616,Yinchuan,Yinchuan,38.468000,106.273000,CN,991000
617,Jiaxing,Jiaxing,30.770400,120.750000,CN,988000
618,Joinvile,Joinvile,-26.320000,-48.839900,BR,988000
619,Donets’k,Donets'k,48.000000,37.830000,UA,988000
620,Guilin,Guilin,25.280000,110.280000,CN,987000
621,Dahūk,Dahuk,36.866700,43.000000,IQ,986000
622,Volgograd,Volgograd,48.710000,44.500000,RU,984000
623,Guwāhāti,Guwahati,26.160000,91.770000,IN,983000
624,Yichun,Yichun,27.833300,114.400000,CN,982000
625,Yangquan,Yangquan,37.870000,113.570000,CN,981448
626,Natal,Natal,-6.983800,-60.269900,BR,980588
627,Chandigarh,Chandigarh,30.720000,76.780000,IN,979000
628,Gwalior,Gwalior,26.230000,78.180100,IN,978000
629,Hamamatsu,Hamamatsu,34.718100,137.732700,JP,977023
630,Qom,Qom,34.650000,50.950000,IR,973000
631,Jixi,Jixi,45.300000,130.970000,CN,965000
632,Mérida,Merida,20.966600,-89.616600,MX,965000
633,Xin’an,Xin'an,34.380000,118.350000,CN,962656
634,Querétaro,Queretaro,20.630000,-100.380000,MX,961000
635,Pingxiang,Pingxiang,27.620000,113.850000,CN,961000
636,João Pessoa,Joao Pessoa,-7.101100,-34.876100,BR,956000
637,Klang,Klang,3.020400,101.550000,MY,956000
638,Jinzhou,Jinzhou,41.120400,121.100000,CN,956000
639,Oklahoma City,Oklahoma City,35.467600,-97.513700,US,955998
640,Salerno,Salerno,40.680400,14.769900,IT,954265
641,Thiruvananthapuram,Thiruvananthapuram,8.500000,76.950000,IN,954000
642,Calicut,Calicut,11.250400,75.770000,IN,953000
643,Trichinopoly,Trichinopoly,10.810000,78.690000,IN,951000
644,Ogbomoso,Ogbomoso,8.130000,4.240000,NG,951000
645,General Santos,General Santos,6.110800,125.174700,PH,950530
646,Huế,Hue,16.470000,107.580000,VN,950000
647,Bacolod,Bacolod,10.631700,122.981700,PH,949354
648,Nantong,Nantong,32.030400,120.825000,CN,947000
649,Foshan,Foshan,23.030100,113.120000,CN,943000
650,Sŏngnam,Songnam,37.438600,127.137800,KR,942000
651,Bridgeport,Bridgeport,41.191800,-73.195300,US,938406
652,Nice,Nice,43.715000,7.265000,FR,927000
653,Buffalo,Buffalo,42.901700,-78.848700,US,926261
654,Erbil,Erbil,36.179000,44.008600,IQ,926000
655,Krasnoyarsk,Krasnoyarsk,56.014000,92.866000,RU,925000
656,Olinda,Olinda,-8.000000,-34.850000,BR,921840
657,Antwerp,Antwerp,51.220400,4.415000,BE,920000
658,Konya,Konya,37.875000,32.475000,TR,919000
659,Bogor,Bogor,-6.570000,106.750000,ID,918000
660,Hartford,Hartford,41.766100,-72.683400,US,914751
661,Huaibei,Huaibei,33.950400,116.750000,CN,913000
662,Xinyu,Xinyu,27.800000,114.930000,CN,913000
663,Teresina,Teresina,-5.095000,-42.780000,BR,907000
664,Naha,Naha,26.207200,127.673000,JP,905238
665,Goyang,Goyang,37.652700,126.837200,KR,903000
666,Nangandao,Nangandao,35.320400,113.870000,CN,903000
667,Yibin,Yibin,28.770000,104.570000,CN,902000
668,Aba,Aba,5.100400,7.350000,NG,897560
669,Maiduguri,Maiduguri,11.850000,13.160000,NG,896000
670,Az Zarqā’,Az Zarqa',32.070000,36.100000,JO,894691
671,Tarsus,Tarsus,36.920400,34.880000,TR,894318
672,Bengbu,Bengbu,32.950000,117.330000,CN,894000
673,Mendoza,Mendoza,-32.883300,-68.816600,AR,893000
674,Hubli,Hubli,15.360000,75.125000,IN,890000
675,Concepción,Concepcion,-36.830000,-73.050000,CL,889725
676,Zaria,Zaria,11.080000,7.710000,NG,889000
677,Dengtalu,Dengtalu,36.080000,114.350000,CN,887000
678,Cartagena,Cartagena,10.399700,-75.514400,CO,887000
679,Mysore,Mysore,12.310000,76.660000,IN,887000
680,Mexicali,Mexicali,32.650000,-115.480000,MX,885000
681,Tongliao,Tongliao,43.620000,122.270000,CN,884000
682,Mombasa,Mombasa,-4.040000,39.689900,KE,882000
683,Newcastle upon Tyne,Newcastle upon Tyne,55.000400,-1.600000,GB,882000
684,Novo Hamburgo,Novo Hamburgo,-29.709600,-51.140000,BR,876990
685,Callao,Callao,-12.070000,-77.135000,PE,876877
686,Bilbao,Bilbao,43.250000,-2.930000,ES,875552
687,Johor Bahru,Johor Bahru,1.480000,103.730000,MY,875000
688,Raipur,Raipur,21.235000,81.635000,IN,875000
689,Xiaoxita,Xiaoxita,30.700000,111.280000,CN,875000
690,Fort Worth,Fort Worth,32.781200,-97.347200,US,874168
691,Salem,Salem,11.670000,78.180100,IN,873000
692,Yangjiang,Yangjiang,21.850400,111.970000,CN,872363
693,Marrakech,Marrakech,31.630000,-8.000000,MA,872000
694,Kaifeng Chengguanzhen,Kaifeng Chengguanzhen,34.850000,114.350000,CN,872000
695,Dandong,Dandong,40.143600,124.393600,CN,870000
696,Al Başrah,Al Basrah,30.513500,47.813600,IQ,870000
697,Aguascalientes,Aguascalientes,21.879500,-102.290400,MX,869000
698,Tucson,Tucson,32.154500,-110.878200,US,868391
699,Okayama,Okayama,34.672000,133.917100,JP,866092
700,Bucheon,Bucheon,37.498900,126.783100,KR,866000
701,Xuanzhou,Xuanzhou,30.952500,118.755300,CN,866000
702,Bandar Lampung,Bandar Lampung,-5.430000,105.270000,ID,865000
703,Rizhao,Rizhao,35.430400,119.450000,CN,865000
704,Palermo,Palermo,38.125000,13.350000,IT,863000
705,Caerdydd,Caerdydd,51.500000,-3.225000,GB,861400
706,Tampico,Tampico,22.300000,-97.870000,MX,859419
707,Jiaozuo,Jiaozuo,35.250000,113.220000,CN,857000
708,Padang,Padang,-0.960000,100.360000,ID,855000
709,Jalandhar,Jalandhar,31.334900,75.569000,IN,855000
710,Zhenjiang,Zhenjiang,32.220000,119.430000,CN,854000
711,Valparaíso,Valparaiso,-33.047800,-71.621000,CL,854000
712,Pingdingshan,Pingdingshan,33.730400,113.300000,CN,849000
713,Zunyi,Zunyi,27.700000,106.920000,CN,849000
714,Anshun,Anshun,26.250400,105.930000,CN,849000
715,Toulouse,Toulouse,43.620000,1.449900,FR,847000
716,El Paso,El Paso,31.847900,-106.430900,US,845674
717,Iguaçu,Iguacu,-22.740000,-43.470000,BR,844583
718,Bhubaneshwar,Bhubaneshwar,20.270400,85.827400,IN,844000
719,Voronezh,Voronezh,51.730000,39.270000,RU,844000
720,Saratov,Saratov,51.580000,46.030000,RU,843000
721,Yuci,Yuci,37.680400,112.730000,CN,840000
722,Yancheng,Yancheng,33.385600,120.125300,CN,839000
723,Cuernavaca,Cuernavaca,18.921100,-99.240000,MX,834001
724,Linfen,Linfen,36.080300,111.520000,CN,834000
725,Honolulu,Honolulu,21.329400,-157.846000,US,833671
726,Warri,Warri,5.520000,5.760000,NG,830106
727,Basel,Basel,47.580400,7.590000,CH,830000
728,San Miguel de Tucumán,San Miguel de Tucuman,-26.816000,-65.216600,AR,830000
729,Kermānshāh,Kermanshah,34.380000,47.060000,IR,828313
730,Thessaloníki,Thessaloniki,40.696100,22.885000,GR,828000
731,Omaha,Omaha,41.262800,-96.049800,US,827786
732,Kota,Kota,25.180000,75.835000,IN,827000
733,Braga,Braga,41.555000,-8.421300,PT,826833
734,Jhānsi,Jhansi,25.453000,78.557500,IN,826494
735,Rongjiawan,Rongjiawan,29.380100,113.100000,CN,826000
736,Nottingham,Nottingham,52.970300,-1.170000,GB,825600
737,Agadir,Agadir,30.440000,-9.620000,MA,825467
738,Butterworth,Butterworth,5.417100,100.400000,MY,821652
739,Bareilly,Bareilly,28.345400,79.420000,IN,817000
740,Jos,Jos,9.930000,8.890000,NG,816824
741,Xingyi,Xingyi,25.090400,104.890000,CN,816000
742,Cebu City,Cebu City,10.320000,123.900100,PH,815000
743,Arequipa,Arequipa,-16.420000,-71.530000,PE,815000
744,Liverpool,Liverpool,53.416000,-2.918000,GB,811000
745,Wuhu,Wuhu,31.350400,118.370000,CN,810000
746,Langfang,Langfang,39.520400,116.680000,CN,810000
747,Rājshāhi,Rajshahi,24.375000,88.605000,BD,810000
748,Zhaotong,Zhaotong,27.320400,103.720000,CN,809000
749,Culiacán,Culiacan,24.830000,-107.380000,MX,809000
750,Valencia,Valencia,39.485000,-0.400000,ES,808000
751,Lingyuan,Lingyuan,41.240000,119.401100,CN,806000
752,Cuiabá,Cuiaba,-15.569600,-56.085000,BR,806000
753,Quy Nhơn,Quy Nhon,13.780000,109.180000,VN,805290
754,Malang,Malang,-7.980000,112.610000,ID,805000
755,Alīgarh,Aligarh,27.892200,78.061800,IN,805000
756,L’viv,L'viv,49.835000,24.030000,UA,803880
757,Bordeaux,Bordeaux,44.850000,-0.595000,FR,803000
758,McAllen,McAllen,26.227300,-98.247100,US,800904
759,Baojishi,Baojishi,34.380000,107.150000,CN,800000
760,Pekanbaru,Pekanbaru,0.565000,101.425000,ID,799000
761,Oran,Oran,35.710000,-0.620000,DZ,798000
762,Yingkou,Yingkou,40.670300,122.280000,CN,795000
763,Bhiwandi,Bhiwandi,19.350000,73.130000,IN,795000
764,Liaoyang,Liaoyang,41.280000,123.180000,CN,794000
765,Chihuahua,Chihuahua,28.645000,-106.085000,MX,793000
766,Jammu,Jammu,32.711800,74.846700,IN,791000
767,Melaka,Melaka,2.206400,102.246500,MY,788706
768,Zaporizhzhya,Zaporizhzhya,47.857300,35.176800,UA,788000
769,Morādābād,Moradabad,28.841800,78.756800,IN,787000
770,Antalya,Antalya,36.890000,30.700000,TR,783000
771,Al Ḩudaydah,Al Hudaydah,14.797900,42.953000,YE,780000
772,Campo Grande,Campo Grande,-20.450000,-54.616600,BR,778000
773,Shaoxing,Shaoxing,30.000400,120.570000,CN,777000
774,Yichun,Yichun,47.699900,128.900000,CN,777000
775,Mangalore,Mangalore,12.900000,74.850000,IN,776632
776,Wuppertal,Wuppertal,51.250000,7.170000,DE,776525
777,Cheongju,Cheongju,36.643900,127.501200,KR,775096
778,Zamboanga City,Zamboanga City,6.920000,122.080000,PH,773000
779,Hamhŭng,Hamhung,39.910100,127.545400,KP,773000
780,Fuyang,Fuyang,30.053300,119.951900,CN,771000
781,Ilorin,Ilorin,8.490000,4.550000,NG,771000
782,Saarbrücken,Saarbrucken,49.250400,6.970000,DE,770001
783,Fuxin,Fuxin,42.010500,121.660000,CN,770000
784,Shiyan,Shiyan,32.570000,110.780000,CN,770000
785,Quetta,Quetta,30.220000,67.025000,PK,768000
786,Trujillo,Trujillo,-8.120000,-79.020000,PE,765171
787,Kananga,Kananga,-5.890000,22.400000,CD,765000
788,Trabzon,Trabzon,40.980000,39.720000,TR,764714
789,Jincheng,Jincheng,35.500400,112.830000,CN,760000
790,Albuquerque,Albuquerque,35.105300,-106.646400,US,758523
791,Łódź,Lodz,51.775000,19.451400,PL,758000
792,Kraków,Krakow,50.060000,19.960000,PL,756000
793,Saltillo,Saltillo,25.420000,-101.005000,MX,754000
794,São José dos Campos,Sao Jose dos Campos,-23.200000,-45.879900,BR,753769
795,Hŭngnam,Hungnam,39.823100,127.623200,KP,751322
796,Ta‘izz,Ta`izz,13.604500,44.039400,YE,751000
797,Pietermaritzburg,Pietermaritzburg,-29.610000,30.390000,ZA,750845
798,Tangier,Tangier,35.747300,-5.832700,MA,750060
799,Hsinchu,Hsinchu,24.816800,120.976700,TW,750000
800,Changhua,Changhua,24.073400,120.513400,TW,750000
801,Kolhāpur,Kolhapur,16.700000,74.220000,IN,750000
802,Farg‘ona,Farg`ona,40.390000,71.780000,UZ,750000
803,Namangan,Namangan,41.000000,71.670000,UZ,750000
804,Liège,Liege,50.630000,5.580000,BE,749110
805,Ciudad Guayana,Ciudad Guayana,8.370000,-62.620000,VE,746535
806,Birmingham,Birmingham,33.527700,-86.798700,US,744189
807,Hegang,Hegang,47.400000,130.370000,CN,743307
808,Naga City,Naga City,13.619200,123.181400,PH,741635
809,Gdańsk,Gdansk,54.360000,18.640000,PL,740000
810,Ansan,Ansan,37.348100,126.859500,KR,739493
811,Nuremberg,Nuremberg,49.450000,11.080000,DE,737304
812,Oyo,Oyo,7.850400,3.930000,NG,736072
813,Amrāvati,Amravati,20.950000,77.770000,IN,734451
814,Denpasar,Denpasar,-8.650000,115.220000,ID,732344
815,Sokoto,Sokoto,13.060000,5.240000,NG,732178
816,Beihai,Beihai,21.480400,109.100000,CN,728978
817,Bremen,Bremen,53.080000,8.800000,DE,724909
818,As Sulaymānīyah,As Sulaymaniyah,35.561300,45.430900,IQ,723170
819,Hannover,Hannover,52.367000,9.716700,DE,722490
820,Cúcuta,Cucuta,7.920000,-72.520000,CO,722146
821,Hamilton,Hamilton,43.250000,-79.830000,CA,721053
822,Moshi,Moshi,-3.339600,37.340000,TZ,721018
823,Shaoguan,Shaoguan,24.800000,113.580000,CN,720266
824,Kumamoto,Kumamoto,32.800900,130.700600,JP,718232
825,Dayton,Dayton,39.779700,-84.199800,US,718169
826,Xinpu,Xinpu,34.600400,119.170000,CN,715600
827,Acapulco de Juárez,Acapulco de Juarez,16.850000,-99.916000,MX,715584
828,Kandahār,Kandahar,31.610000,65.694900,AF,715542
829,Dehra Dūn,Dehra Dun,30.320400,78.050000,IN,714223
830,Rochester,Rochester,43.168000,-77.616200,US,711998
831,Jeonju,Jeonju,35.831400,127.140400,KR,711424
832,Samarkand,Samarkand,39.670000,66.945000,UZ,708000
833,Qingyuan,Qingyuan,23.700400,113.030100,CN,706717
834,Sarasota,Sarasota,27.338600,-82.543000,US,706245
835,Changzhi,Changzhi,36.183900,113.105300,CN,706000
836,Tol’yatti,Tol'yatti,53.480400,49.530000,RU,702879
837,Jaboatão,Jaboatao,-8.110000,-35.020000,BR,702621
838,Shizuoka,Shizuoka,34.985800,138.385400,JP,701561
839,Bulawayo,Bulawayo,-20.170000,28.580000,ZW,699385
840,Soledad,Soledad,10.920000,-74.770000,CO,698852
841,Fresno,Fresno,36.783100,-119.794100,US,698021
842,Meknès,Meknes,33.900400,-5.560000,MA,697628
843,La Plata,La Plata,-34.909600,-57.960000,AR,694253
844,Mālegaon,Malegaon,20.560400,74.525000,IN,690844
845,Enugu,Enugu,6.450000,7.500000,NG,688862
846,Huangshi,Huangshi,30.220000,115.100000,CN,688090
847,Aracaju,Aracaju,-10.900000,-37.120000,BR,685356
848,Allentown,Allentown,40.596100,-75.475500,US,682899
849,Bonn,Bonn,50.720500,7.080000,DE,680543
850,San Pedro Sula,San Pedro Sula,15.500000,-88.030000,HN,680091
851,Nellore,Nellore,14.440000,79.989900,IN,678004
852,Catania,Catania,37.500000,15.080000,IT,674542
853,Gorakhpur,Gorakhpur,26.750400,83.380000,IN,674246
854,Ipoh,Ipoh,4.600000,101.065000,MY,673318
855,Ch’ŏngjin,Ch'ongjin,41.784600,129.790000,KP,672614
856,Tulsa,Tulsa,36.128400,-95.904300,US,672054
857,Utsunomiya,Utsunomiya,36.550000,139.870000,JP,667752
858,Puyang Chengguanzhen,Puyang Chengguanzhen,35.700400,114.980000,CN,666322
859,An Najaf,An Najaf,32.000300,44.335400,IQ,665552
860,São José dos Pinhais,Sao Jose dos Pinhais,-25.570000,-49.180000,BR,665063
861,Santo André,Santo Andre,-23.652800,-46.527800,BR,662373
862,Bytom,Bytom,50.350000,18.910000,PL,662247
863,Pointe-Noire,Pointe-Noire,-4.770000,11.880000,CG,659084
864,Aţ Ţā’if,At Ta'if,21.262200,40.382300,SA,657282
865,Ismailia,Ismailia,30.590300,32.260000,EG,656135
866,Concord,Concord,37.972200,-122.001600,US,654770
867,Shimoga,Shimoga,13.930400,75.560000,IN,654055
868,Biên Hòa,Bien Hoa,10.970000,106.830100,VN,652646
869,Xiping,Xiping,25.600500,103.816600,CN,652604
870,Kryvyy Rih,Kryvyy Rih,47.928300,33.345000,UA,652380
871,Irbid,Irbid,32.550000,35.850000,JO,650000
872,Tiruppūr,Tiruppur,11.080400,77.330000,IN,650000
873,Andijon,Andijon,40.790000,72.340000,UZ,650000
874,Krasnodar,Krasnodar,45.020000,39.000000,RU,649851
875,Zaragoza,Zaragoza,41.650000,-0.890000,ES,649404
876,Genoa,Genoa,44.410000,8.930000,IT,647497
877,Diyarbakır,Diyarbakir,37.920400,40.230000,TR,644763
878,Morelia,Morelia,19.733400,-101.189500,MX,644306
879,Ul’yanovsk,Ul'yanovsk,54.330000,48.410000,RU,640680
880,Utrecht,Utrecht,52.100300,5.120000,NL,640000
881,Kikwit,Kikwit,-5.030000,18.850000,CD,637736
882,Al Hufūf,Al Hufuf,25.348700,49.585600,SA,637389
883,Yogyakarta,Yogyakarta,-7.780000,110.375000,ID,636660
884,Wrocław,Wroclaw,51.110400,17.030000,PL,634893
885,Winnipeg,Winnipeg,49.883000,-97.166000,CA,632063
886,Izhevsk,Izhevsk,56.850000,53.230000,RU,631038
887,Cape Coral,Cape Coral,26.644500,-81.995500,US,630134
888,Springfield,Springfield,42.115500,-72.539500,US,628076
889,Zhuozhou,Zhuozhou,39.540100,115.790000,CN,628000
890,Raurkela,Raurkela,22.230400,84.830000,IN,625831
891,Québec,Quebec,46.840000,-71.245600,CA,624177
892,Poznań,Poznan,52.405800,16.899900,PL,623997
893,Colorado Springs,Colorado Springs,38.867400,-104.760600,US,623946
894,Port Said,Port Said,31.260000,32.290000,EG,623864
895,Nānded,Nanded,19.170000,77.300000,IN,623708
896,Bannu,Bannu,32.989000,70.598600,PK,622419
897,Southend-on-Sea,Southend-on-Sea,51.550000,0.720000,GB,618386
898,Dresden,Dresden,51.050000,13.750000,DE,617515
899,Wiesbaden,Wiesbaden,50.080400,8.250000,DE,617126
900,Charleston,Charleston,32.815100,-79.963000,US,616085
901,Changping,Changping,40.224800,116.194400,CN,614821
902,Palu,Palu,-0.907000,119.833000,ID,612445
903,Taizhou,Taizhou,32.490400,119.900000,CN,612356
904,Xingtai,Xingtai,37.050000,114.500000,CN,611739
905,Samsun,Samsun,41.280000,36.343700,TR,609339
906,Luxor,Luxor,25.700000,32.650000,EG,609248
907,Belgaum,Belgaum,15.865000,74.505000,IN,608756
908,Pontianak,Pontianak,-0.030000,109.320000,ID,607311
909,Yaroslavl’,Yaroslavl',57.620000,39.870000,RU,606730
910,Constantine,Constantine,36.360000,6.599900,DZ,605179
911,Banjarmasin,Banjarmasin,-3.330000,114.580100,ID,603576
912,Grand Rapids,Grand Rapids,42.961500,-85.655700,US,602694
913,Kirkuk,Kirkuk,35.472200,44.392300,IQ,601433
914,Sāngli,Sangli,16.860400,74.575000,IN,601214
915,Barcelona,Barcelona,10.130400,-64.720000,VE,600954
916,Mission Viejo,Mission Viejo,33.609500,-117.655000,US,600474
917,Sūhāj,Suhaj,26.550400,31.700000,EG,600000
918,Al Manşūrah,Al Mansurah,31.050400,31.380000,EG,600000
919,Canoas,Canoas,-29.920000,-51.180000,BR,600000
920,Barnaul,Barnaul,53.355000,83.745000,RU,599579
921,Zāhedān,Zahedan,29.500000,60.830000,IR,598887
922,Jalālābād,Jalalabad,34.441500,70.436100,AF,597971
923,Albany,Albany,42.666400,-73.798700,US,597270
924,Chiclayo,Chiclayo,-6.762900,-79.836600,PE,596792
925,Hermosillo,Hermosillo,29.098900,-110.954100,MX,595811
926,Chānda,Chanda,19.970000,79.300000,IN,595118
927,Al Ḩillah,Al Hillah,32.472100,44.421700,IQ,594605
928,Al Ḩillah,Al Hillah,23.489500,46.756400,SA,594605
929,Rasht,Rasht,37.300000,49.630000,IR,594590
930,Nagano,Nagano,36.650000,138.170000,JP,594311
931,Vinh,Vinh,18.700000,105.680000,VN,593645
932,Abeokuta,Abeokuta,7.160400,3.350000,NG,593100
933,Kayseri,Kayseri,38.735000,35.490000,TR,592840
934,Samarinda,Samarinda,-0.500000,117.150000,ID,592228
935,Ajmer,Ajmer,26.450000,74.640000,IN,589985
936,Dortmund,Dortmund,51.530000,7.450000,DE,588462
937,Vladivostok,Vladivostok,43.130000,131.910000,RU,587022
938,Irkutsk,Irkutsk,52.320000,104.245000,RU,586695
939,Knoxville,Knoxville,35.969200,-83.949600,US,585249
940,Blantyre,Blantyre,-15.790000,34.989900,MW,584877
941,Baton Rouge,Baton Rouge,30.441900,-91.131000,US,583613
942,Anqing,Anqing,30.500000,117.050000,CN,580497
943,Cuttack,Cuttack,20.470000,85.889900,IN,580000
944,Hachiōji,Hachioji,35.657700,139.326100,JP,579399
945,Khabarovsk,Khabarovsk,48.455000,135.120000,RU,579000
946,Veracruz,Veracruz,19.177300,-96.160000,MX,578963
947,Kisangani,Kisangani,0.520000,25.220000,CD,578470
948,Kermān,Kerman,30.300000,57.080000,IR,577514
949,Orūmīyeh,Orumiyeh,37.530000,45.000000,IR,577307
950,Bīkaner,Bikaner,28.030400,73.329900,IN,576015
951,Quetzaltenango,Quetzaltenango,14.830000,-91.520000,GT,575263
952,Bakersfield,Bakersfield,35.353000,-119.035900,US,574362
953,Ogden,Ogden,41.228000,-111.967700,US,573632
954,Shihezi,Shihezi,44.300000,86.029900,CN,573182
955,Kuching,Kuching,1.530000,110.330000,MY,570407
956,Shuozhou,Shuozhou,39.300400,112.420000,CN,570000
957,Niigata,Niigata,37.920000,139.040000,JP,569797
958,Pereira,Pereira,4.810400,-75.680000,CO,568750
959,Macau,Macau,22.203000,113.545000,MO,568700
960,New Haven,New Haven,41.311200,-72.924600,US,568144
961,Bouaké,Bouake,7.690000,-5.030000,CI,567481
962,Columbia,Columbia,34.037600,-80.903700,US,566166
963,Akron,Akron,41.079800,-81.521900,US,565920
964,Binjai,Binjai,3.620400,98.500100,ID,564979
965,Uberlândia,Uberlandia,-18.900000,-48.280000,BR,563536
966,Sorocaba,Sorocaba,-23.490000,-47.470000,BR,563281
967,Wusong,Wusong,30.950400,117.780000,CN,562832
968,Weihai,Weihai,37.500000,122.100000,CN,560255
969,Mar del Plata,Mar del Plata,-38.000000,-57.580000,AR,555897
970,Santiago de Cuba,Santiago de Cuba,20.025000,-75.821300,CU,555865
971,Siping,Siping,43.170000,124.330000,CN,555609
972,Kagoshima,Kagoshima,31.586000,130.561100,JP,555352
973,Surakarta,Surakarta,-7.565000,110.825000,ID,555308
974,Makhachkala,Makhachkala,42.980000,47.500000,RU,554981
975,Bhāvnagar,Bhavnagar,21.778400,72.130000,IN,554978
976,Uyo,Uyo,5.008000,7.850000,NG,554906
977,Bristol,Bristol,51.450000,-2.583300,GB,553528
978,Bahawalpur,Bahawalpur,29.390000,71.675000,PK,552607
979,Kenitra,Kenitra,34.270400,-6.580000,MA,551786
980,Ribeirão Prêto,Ribeirao Preto,-21.170000,-47.830000,BR,551267
981,Kanazawa,Kanazawa,36.560000,136.640000,JP,551249
982,Orenburg,Orenburg,51.780000,55.110000,RU,550204
983,Málaga,Malaga,36.720400,-4.420000,ES,550058
984,Tabūk,Tabuk,28.383800,36.555000,SA,547957
985,Puerto La Cruz,Puerto La Cruz,10.170000,-64.680000,VE,546616
986,Jiujiang,Jiujiang,29.730000,115.980000,CN,545616
987,Hisar,Hisar,29.170000,75.725000,IN,544829
988,Kashgar,Kashgar,39.476300,75.969900,CN,543914
989,Matola,Matola,-25.969600,32.460000,MZ,543907
990,Bilāspur,Bilaspur,22.090400,82.160000,IN,543454
991,Sargodha,Sargodha,32.085400,72.675000,PK,542603
992,Leipzig,Leipzig,51.335400,12.410000,DE,542529
993,Tinnevelly,Tinnevelly,8.730400,77.690000,IN,542200
994,Cancún,Cancun,21.170000,-86.830000,MX,542043
995,Yangzhou,Yangzhou,32.400000,119.430000,CN,539715
996,Novokuznetsk,Novokuznetsk,53.750000,87.115000,RU,539616
997,Latakia,Latakia,35.540000,35.780000,SY,539147
998,Heroica Matamoros,Heroica Matamoros,25.880000,-97.500000,MX,538785
999,Göteborg,Goteborg,57.750000,12.000000,SE,537797
